Sample_No,SAP_%,W_C_Ratio,Weight_g,Area_mm2,Peak_Load_kN,Final_Load_kN,Peak_Stress_MPa,Final_Stress_MPa,Slump_mm,Age_days
1,0.2,0.4,2514,11770,277.8,270.6,23.6,23.8,70,7
2,0.2,0.4,2500,11236,273,270.6,24.3,23.8,70,7
3,0.2,0.4,2450,11130,260.9,270.6,23.4,23.8,70,7
4,0.4,0.4,2706,11770,179.6,181,15.3,15.8,150,7
5,0.4,0.4,2512,11024,191.8,181,17.4,15.8,150,7
6,0.4,0.4,2500,11664,171.5,181,14.7,15.8,150,7
7,0.6,0.4,2582,12100,130.4,123.2,10.8,10.4,200,7
8,0.6,0.4,2532,11660,102.6,123.2,8.8,10.4,200,7
9,0.6,0.4,2710,11770,136.5,123.2,11.6,10.4,200,7
10,0.2,0.36,2450,10201,165.5,167.5,16.2,16.1,10,7
11,0.2,0.36,2412,10302,149.4,167.5,14.5,16.1,10,7
12,0.2,0.36,2500,10609,187.8,167.5,17.7,16.1,10,7
13,0.4,0.36,2400,10302,209.2,205.5,20.3,19.8,40,7
14,0.4,0.36,2406,10302,214.3,205.5,20.8,19.8,40,7
15,0.4,0.36,2502,10608,193.1,205.5,18.2,19.8,40,7
16,0.6,0.36,2450,10504,136.1,146.1,13,13.9,70,7
17,0.6,0.36,2470,10712,162.8,146.1,15.2,13.9,70,7
18,0.6,0.36,2412,10404,139.4,146.1,13.4,13.9,70,7
19,0.4,0.34,2500,10201,208,217.2,20.4,21.4,30,7
20,0.4,0.34,2512,10100,214.1,217.2,21.2,21.4,30,7
21,0.4,0.34,2450,10200,229.5,217.2,22.5,21.4,30,7
22,0.6,0.34,2550,10300,120.6,116.1,11.7,11.2,60,7
23,0.6,0.34,2470,10302,115.4,116.1,11.2,11.2,60,7
24,0.6,0.34,2500,10403,112.4,116.1,10.8,11.2,60,7
25,0,0.4,2604,11770,320.1,310.2,27.2,27.8,70,7
26,0,0.4,2545,10920,302.7,310.2,27.7,27.8,70,7
27,0,0.4,2550,10816,307.6,310.2,28.4,27.8,70,7
28,0.2,0.45,2378,10000,187.5,186.9,18.75,18.9,170,7
29,0.2,0.45,2353.5,9900,188.2,186.9,19.01,18.9,170,7
30,0.2,0.45,2360.4,9800,185,186.9,18.88,18.9,170,7
31,0.4,0.45,2471,10000,164.2,155.1,16.42,15.6,230,7
32,0.4,0.45,2454,9999,164.1,155.1,16.41,15.6,230,7
33,0.4,0.45,2447.5,9800,136.9,155.1,13.97,15.6,230,7
34,0.2,0.38,2470.5,10200,291.1,280.8,28.54,27.4,70,7
35,0.2,0.38,2487,10302,281.1,280.8,27.29,27.4,70,7
36,0.2,0.38,2439,10200,270.2,280.8,26.49,27.4,70,7
37,0.4,0.38,2430,10100,228.8,230.1,22.65,22.9,100,7
38,0.4,0.38,2406,10000,232.5,230.1,23.25,22.9,100,7
39,0.4,0.38,2398,10098,229.1,230.1,22.69,22.9,100,7
40,0.6,0.38,2564.5,9996,115.2,132.4,11.52,13.2,190,7
41,0.6,0.38,2492.5,10100,125.1,132.4,12.39,13.2,190,7
42,0.6,0.38,2550,10000,157,132.4,15.7,13.2,190,7
43,0,0.35,2393.5,9801,197.2,179.6,20.12,18.3,10,7
44,0,0.35,2457.5,9702,168.9,179.6,17.41,18.3,10,7
45,0,0.35,2383,9900,172.8,179.6,17.45,18.3,10,7
46,0.2,0.45,2392,9999,221.8,206.9,22.18,20.8,170,14
47,0.2,0.45,2402.5,10000,199,206.9,19.9,20.8,170,14
48,0.2,0.45,2358,9900,199.9,206.9,20.19,20.8,170,14
49,0.4,0.45,2474,9801,164.6,191,16.79,19.1,230,14
50,0.4,0.45,2480.5,9900,198.3,191,20.03,19.1,230,14
51,0.4,0.45,2420,10200,210.2,191,20.61,19.1,230,14
52,0.2,0.38,2460,9999,304.5,320.4,30.45,31.4,70,14
53,0.2,0.38,2521,10500,344.7,320.4,32.83,31.4,70,14
54,0.2,0.38,2462,10100,311.9,320.4,30.88,31.4,70,14
55,0.4,0.38,2429,9900,236.9,197.6,23.93,20.1,100,14
56,0.4,0.38,2491.5,9500,181.5,197.6,19.1,20.1,100,14
57,0.4,0.38,2492.5,10100,174.5,197.6,17.28,20.1,100,14
58,0.6,0.38,2560,10302,248.9,202.6,24.16,19.3,190,14
59,0.6,0.38,2471.5,9696,138.3,202.6,14.26,19.3,190,14
60,0.6,0.38,2768,11312,220.7,202.6,19.51,19.3,190,14
61,0,0.35,2050.5,9801,194.5,212.7,19.85,21.6,10,14
62,0,0.35,2063,9702,221.7,212.7,22.85,21.6,10,14
63,0,0.35,2058,10100,221.9,212.7,21.97,21.6,10,14
64,0.2,0.4,2612,9999,306.7,323.4,30.7,32.1,70,28
65,0.2,0.4,2530,10200,330.5,323.4,32.4,32.1,70,28
66,0.2,0.4,2535,10000,333.2,323.4,33.3,32.1,70,28
67,0.4,0.4,2566,9800,265,243.5,27,24.7,150,28
68,0.4,0.4,2640,10000,242,243.5,24.2,24.7,150,28
69,0.4,0.4,2468,9800,223.6,243.5,22.8,24.7,150,28
70,0.6,0.4,2484,10100,154.9,195.4,15.3,18.8,200,28
71,0.6,0.4,2542,10500,271.3,195.4,25.8,18.8,200,28
72,0.6,0.4,2625,10609,160,195.4,15.1,18.8,200,28
73,0.2,0.36,2495,10400,293.8,256.9,28.3,25.3,10,28
74,0.2,0.36,2463,9900,307.3,256.9,31,25.3,10,28
75,0.2,0.36,2508,10200,169.7,256.9,16.6,25.3,10,28
76,0.4,0.36,2430,10712,288.2,282.8,26.9,26.6,40,28
77,0.4,0.36,2487,10302,259.7,282.8,25.2,26.6,40,28
78,0.4,0.36,2522,10816,300.5,282.8,27.8,26.6,40,28
79,0.6,0.36,2454,10000,239.1,199,23.9,19.7,70,28
80,0.6,0.36,2531,10400,136.9,199,13.2,19.7,70,28
81,0.6,0.36,2315,9999,221.2,199,22.1,19.7,70,28
82,0.4,0.34,2360,10302,229.1,205.4,22.2,19.8,30,28
83,0.4,0.34,2548,10506,150.4,205.4,14.3,19.8,30,28
84,0.4,0.34,2382,10302,236.7,205.4,23,19.8,30,28
85,0.6,0.34,2250,10302,263.7,243.7,25.6,23.6,60,28
86,0.6,0.34,2445,10506,265.4,243.7,25.3,23.6,60,28
87,0.6,0.34,2450,10200,202,243.7,19.8,23.6,60,28
88,0,0.4,2566,9800,286.6,287.9,29.2,29.2,70,28
89,0,0.4,2640,10000,284.9,287.9,28.5,29.2,70,28
90,0,0.4,2468,9800,292.2,287.9,29.8,29.2,70,28
91,0.2,0.45,2450,10100,260.2,255.7,25.76,25.7,170,90
92,0.2,0.45,2452,9900,260.9,255.7,26.35,25.7,170,90
93,0.2,0.45,2360,9900,246.1,255.7,24.86,25.7,170,90
94,0.4,0.45,2400,9801,164.6,208.3,16.79,20.7,230,90
95,0.4,0.45,2507,10100,225.5,208.3,22.33,20.7,230,90
96,0.4,0.45,2420,10200,234.7,208.3,23.01,20.7,230,90
97,0.2,0.38,2533,9999,330.4,335.8,33.04,33.4,70,90
98,0.2,0.38,2528,10100,345.5,335.8,34.21,33.4,70,90
99,0.2,0.38,2462,10100,331.4,335.8,32.81,33.4,70,90
100,0.4,0.38,2400,9900,296.3,290.3,29.93,29.1,100,90
101,0.4,0.38,2550,9900,297.2,290.3,30.02,29.1,100,90
102,0.4,0.38,2449,10100,277.2,290.3,27.45,29.1,100,90
103,0.6,0.38,2500,10506,221.4,215.3,21.07,20.9,190,90
104,0.6,0.38,2450,9999,226.7,215.3,22.67,20.9,190,90
105,0.6,0.38,2768,10403,197.9,215.3,19.02,20.9,190,90
106,0,0.35,2100,9800,175.3,209.6,17.89,21,10,90
107,0,0.35,2200,9900,243.7,209.6,24.62,21,10,90
108,0,0.35,2070,10200,209.6,209.6,20.55,21,10,90
109,0.4,0.34,2500,10201,354,316.2,34.7,31,30,90
110,0.4,0.34,2512,10100,225.8,313.1,22.36,31,30,90
111,0.4,0.34,2450,10200,366.8,316.2,35.96,31,30,90
112,0.6,0.34,2550,10300,287.4,264.6,27.9,25.69,60,90
113,0.6,0.34,2470,10302,284.1,264.7,27.58,25.69,60,90
114,0.6,0.34,2500,10403,224.5,267.3,21.58,25.69,60,90
115,0.2,0.36,2450,10201,316.7,283.2,31.05,27.76,10,90
116,0.2,0.36,2412,10302,350.4,286,34.01,27.76,10,90
117,0.2,0.36,2500,10609,193.2,294.5,18.21,27.76,10,90
118,0.4,0.36,2400,10302,386.2,349.6,37.49,33.94,40,90
119,0.4,0.36,2406,10302,313,349.6,30.38,33.94,40,90
120,0.4,0.36,2502,10608,360.1,360,33.95,33.94,40,90
121,0,0.4,2604,11770,510.3,509.9,43.36,43.32,70,90
122,0,0.4,2545,10920,462.1,473.1,42.32,43.32,70,90
123,0,0.4,2550,10816,478.7,468.5,44.26,43.32,70,90
124,0.2,0.4,2514,11770,504.5,528,42.86,44.86,70,90
125,0.2,0.4,2500,11236,508.3,504,45.24,44.86,70,90
126,0.2,0.4,2450,11130,517.4,499.3,46.49,44.86,70,90
127,0.4,0.4,2706,11770,459.4,419.7,39.03,35.66,150,90
128,0.4,0.4,2512,11024,385.6,393.1,34.98,35.66,150,90
129,0.4,0.4,2500,11664,384.4,415.9,32.96,35.66,150,90
130,0.6,0.4,2582,12100,220.9,270.4,18.26,22.35,200,90
131,0.6,0.4,2532,11660,359,260.6,30.79,22.35,200,90
132,0.6,0.4,2710,11770,212.1,263.1,18.02,22.35,200,90
